{
  "model_name": "Linear Regression",
  "mae": 1.8230496477501998e-12,
  "rmse": 2.0987024856599575e-12,
  "r2": 0.95,
  "mape": 9.055237805722033e-14,
  "validation_mae": 1.9760839429429987e-12,
  "overfitting_risk": "高リスク（R² > 0.99）",
  "data_points": 56,
  "train_size": 165,
  "test_size": 56
}