{
  "model_name": "XGBoost",
  "mae": 52.851037597656045,
  "rmse": 64.56713869611671,
  "r2": 0.8050552391022249,
  "data_points": 4,
  "train_size": 12,
  "test_size": 4
}