{
  "mae": 2881.8326774847865,
  "rmse": 3601.4513914173813,
  "r2": -1.4004267438715745
}