{
  "model_name": "Linear Regression",
  "mae": 1.5952699478865336e-11,
  "rmse": 1.8244802095098046e-11,
  "r2": 1.0,
  "mape": 7.365246008809412e-13,
  "validation_mae": 1.5084176332245327e-11,
  "overfitting_risk": "高リスク（R² > 0.99）",
  "data_points": 56,
  "train_size": 176,
  "test_size": 56
}