{
  "model_name": "XGBoost",
  "mae": 23.681673932756713,
  "rmse": 35.547907524586435,
  "r2": 0.9992534476194319,
  "data_points": 56,
  "train_size": 220,
  "test_size": 56
}